"","Nina","Neutral","Nino"
"Nina",0.346153846153846,0.576923076923077,0.0769230769230769
"Neutral",0.144736842105263,0.578947368421053,0.276315789473684
"Nino",0.28,0.64,0.08
